romana;germana;categorie;categorie_de
angajat;der Angestellte;PROFESII;Berufe
medic (bărbat);der Arzt;PROFESII;Berufe
medic (femeie);die Ärztin;PROFESII;Berufe
ucenic;der Auszubildende;PROFESII;Berufe
autor;der Autor;PROFESII;Berufe
baby-sitter;der Babysitter;PROFESII;Berufe
brutar;der Bäcker;PROFESII;Berufe
doctor;der Doktor;PROFESII;Berufe
șofer;der Fahrer;PROFESII;Berufe
frizer;der Friseur;PROFESII;Berufe
meșteșugar;der Handwerker;PROFESII;Berufe
casnic;der Hausmann;PROFESII;Berufe
casnică;die Hausfrau;PROFESII;Berufe
jurnalist;der Journalist;PROFESII;Berufe
comerciant;der Kaufmann;PROFESII;Berufe
chelner;der Kellner;PROFESII;Berufe
bucătar;der Koch;PROFESII;Berufe
asistent medical;der Krankenpfleger;PROFESII;Berufe
asistentă medicală;die Krankenschwester;PROFESII;Berufe
artist;der Künstler;PROFESII;Berufe
profesor;der Lehrer;PROFESII;Berufe
mecanic;der Mechaniker;PROFESII;Berufe
model;das Model;PROFESII;Berufe
muzician;der Musiker;PROFESII;Berufe
polițist;der Polizist;PROFESII;Berufe
pensionar;der Rentner;PROFESII;Berufe
cântăreț;der Sänger;PROFESII;Berufe
actor;der Schauspieler;PROFESII;Berufe
tehnician;der Techniker;PROFESII;Berufe
vânzător;der Verkäufer;PROFESII;Berufe
frate;der Bruder;FAMILIE;Familienmitglieder
văr;der Cousin;FAMILIE;Familienmitglieder
vară;die Cousine;FAMILIE;Familienmitglieder
părinți;die Eltern;FAMILIE;Familienmitglieder
nepot;der Enkel;FAMILIE;Familienmitglieder
nepoată;die Enkelin;FAMILIE;Familienmitglieder
frați și surori;die Geschwister;FAMILIE;Familienmitglieder
bunici;die Großeltern;FAMILIE;Familienmitglieder
bunică;die Großmutter;FAMILIE;Familienmitglieder
bunic;der Großvater;FAMILIE;Familienmitglieder
copil;das Kind;FAMILIE;Familienmitglieder
mamă;die Mutter;FAMILIE;Familienmitglieder
unchi;der Onkel;FAMILIE;Familienmitglieder
soră;die Schwester;FAMILIE;Familienmitglieder
fiu;der Sohn;FAMILIE;Familienmitglieder
mătușă;die Tante;FAMILIE;Familienmitglieder
fiică;die Tochter;FAMILIE;Familienmitglieder
tată;der Vater;FAMILIE;Familienmitglieder
rudă;der Verwandte;FAMILIE;Familienmitglieder
necăsătorit;ledig;STARE CIVILĂ;Familienstand
căsătorit;verheiratet;STARE CIVILĂ;Familienstand
separat / divorțat;getrennt / geschieden;STARE CIVILĂ;Familienstand
albastru;blau;CULORI;Farben
maro;braun;CULORI;Farben
galben;gelb;CULORI;Farben
gri;grau;CULORI;Farben
verde;grün;CULORI;Farben
mov;lila;CULORI;Farben
portocaliu;orange;CULORI;Farben
roz;rosa;CULORI;Farben
roșu;rot;CULORI;Farben
negru;schwarz;CULORI;Farben
alb;weiß;CULORI;Farben
nord;der Norden;PUNCTE CARDINALE;Himmelsrichtungen
sud;der Süden;PUNCTE CARDINALE;Himmelsrichtungen
est;der Osten;PUNCTE CARDINALE;Himmelsrichtungen
vest;der Westen;PUNCTE CARDINALE;Himmelsrichtungen
primăvară;der Frühling;ANOTIMPURI;Jahreszeiten
vară;der Sommer;ANOTIMPURI;Jahreszeiten
toamnă;der Herbst;ANOTIMPURI;Jahreszeiten
iarnă;der Winter;ANOTIMPURI;Jahreszeiten
ianuarie;Januar;LUNI;Monate
februarie;Februar;LUNI;Monate
martie;März;LUNI;Monate
aprilie;April;LUNI;Monate
mai;Mai;LUNI;Monate
iunie;Juni;LUNI;Monate
iulie;Juli;LUNI;Monate
august;August;LUNI;Monate
septembrie;September;LUNI;Monate
octombrie;Oktober;LUNI;Monate
noiembrie;November;LUNI;Monate
decembrie;Dezember;LUNI;Monate
luni;Montag;ZILELE SĂPTĂMÂNII;Wochentage
marți;Dienstag;ZILELE SĂPTĂMÂNII;Wochentage
miercuri;Mittwoch;ZILELE SĂPTĂMÂNII;Wochentage
joi;Donnerstag;ZILELE SĂPTĂMÂNII;Wochentage
vineri;Freitag;ZILELE SĂPTĂMÂNII;Wochentage
sâmbătă;Samstag;ZILELE SĂPTĂMÂNII;Wochentage
duminică;Sonntag;ZILELE SĂPTĂMÂNII;Wochentage
weekend;das Wochenende;ZILELE SĂPTĂMÂNII;Wochentage
zi lucrătoare;der Arbeitstag;ZILELE SĂPTĂMÂNII;Wochentage
sărbătoare;der Feiertag;ZILELE SĂPTĂMÂNII;Wochentage
zi;der Tag;TIMPUL ZILEI;Tageszeiten
dimineață;der Morgen;TIMPUL ZILEI;Tageszeiten
înainte de prânz;der Vormittag;TIMPUL ZILEI;Tageszeiten
prânz;der Mittag;TIMPUL ZILEI;Tageszeiten
după-amiază;der Nachmittag;TIMPUL ZILEI;Tageszeiten
seară;der Abend;TIMPUL ZILEI;Tageszeiten
noapte;die Nacht;TIMPUL ZILEI;Tageszeiten
miezul nopții;die Mitternacht;TIMPUL ZILEI;Tageszeiten
secundă;die Sekunde;UNITĂȚI DE TIMP;Zeitmaße
minut;die Minute;UNITĂȚI DE TIMP;Zeitmaße
oră;die Stunde;UNITĂȚI DE TIMP;Zeitmaße
săptămână;die Woche;UNITĂȚI DE TIMP;Zeitmaße
an;das Jahr;UNITĂȚI DE TIMP;Zeitmaße
de la / din;ab;VOCABULAR ALFABETIC A;
dar;aber;VOCABULAR ALFABETIC A;
a preda / a da jos;abgeben;VOCABULAR ALFABETIC A;
a lua / a ridica;abholen;VOCABULAR ALFABETIC A;
a încuia;abschließen;VOCABULAR ALFABETIC A;
atenție;Achtung;VOCABULAR ALFABETIC A;
adresă;die Adresse;VOCABULAR ALFABETIC A;
habar;die Ahnung;VOCABULAR ALFABETIC A;
activ;aktiv;VOCABULAR ALFABETIC A;
actual;aktuell;VOCABULAR ALFABETIC A;
tot / toți;all-;VOCABULAR ALFABETIC A;
singur;allein;VOCABULAR ALFABETIC A;
decât (comparativ);als;VOCABULAR ALFABETIC A;
deci;also;VOCABULAR ALFABETIC A;
vechi / bătrân;alt;VOCABULAR ALFABETIC A;
vârstă;das Alter;VOCABULAR ALFABETIC A;
semafor;die Ampel;VOCABULAR ALFABETIC A;
la / pe / în;an;VOCABULAR ALFABETIC A;
a oferi;anbieten;VOCABULAR ALFABETIC A;
ofertă;das Angebot;VOCABULAR ALFABETIC A;
alt / altul;ander-;VOCABULAR ALFABETIC A;
a schimba;ändern;VOCABULAR ALFABETIC A;
altfel;anders;VOCABULAR ALFABETIC A;
a începe;anfangen;VOCABULAR ALFABETIC A;
început;der Anfang;VOCABULAR ALFABETIC A;
frică;die Angst;VOCABULAR ALFABETIC A;
a sosi;ankommen;VOCABULAR ALFABETIC A;
a aprinde;anmachen;VOCABULAR ALFABETIC A;
a se înregistra;anmelden;VOCABULAR ALFABETIC A;
înregistrare;die Anmeldung;VOCABULAR ALFABETIC A;
robot telefonic;der Anrufbeantworter;VOCABULAR ALFABETIC A;
a suna;anrufen;VOCABULAR ALFABETIC A;
apel telefonic;der Anruf;VOCABULAR ALFABETIC A;
legătură (tren);der Anschluss;VOCABULAR ALFABETIC A;
a privi / a se uita;ansehen;VOCABULAR ALFABETIC A;
a răspunde;antworten;VOCABULAR ALFABETIC A;
răspuns;die Antwort;VOCABULAR ALFABETIC A;
anunț;die Anzeige;VOCABULAR ALFABETIC A;
costum;der Anzug;VOCABULAR ALFABETIC A;
măr;der Apfel;VOCABULAR ALFABETIC A;
farmacie;die Apotheke;VOCABULAR ALFABETIC A;
aparat;der Apparat;VOCABULAR ALFABETIC A;
a lucra;arbeiten;VOCABULAR ALFABETIC A;
muncă;die Arbeit;VOCABULAR ALFABETIC A;
șomer;arbeitslos;VOCABULAR ALFABETIC A;
a se supăra;ärgern;VOCABULAR ALFABETIC A;
sărac;arm;VOCABULAR ALFABETIC A;
braț;der Arm;VOCABULAR ALFABETIC A;
articol;der Artikel;VOCABULAR ALFABETIC A;
și / de asemenea;auch;VOCABULAR ALFABETIC A;
pe / sus / deschis;auf;VOCABULAR ALFABETIC A;
în orice caz;auf jeden Fall;VOCABULAR ALFABETIC A;
a termina / a înceta;aufhören;VOCABULAR ALFABETIC A;
a deschide;aufmachen;VOCABULAR ALFABETIC A;
a fi atent;aufpassen;VOCABULAR ALFABETIC A;
a face ordine;aufräumen;VOCABULAR ALFABETIC A;
interesant / captivant;aufregend;VOCABULAR ALFABETIC A;
a se scula;aufstehen;VOCABULAR ALFABETIC A;
lift;der Aufzug;VOCABULAR ALFABETIC A;
ochi;das Auge;VOCABULAR ALFABETIC A;
din / afară;aus;VOCABULAR ALFABETIC A;
formare profesională;die Ausbildung;VOCABULAR ALFABETIC A;
excursie;der Ausflug;VOCABULAR ALFABETIC A;
a completa;ausfüllen;VOCABULAR ALFABETIC A;
ieșire;der Ausgang;VOCABULAR ALFABETIC A;
a cheltui;ausgeben;VOCABULAR ALFABETIC A;
a ieși;ausgehen;VOCABULAR ALFABETIC A;
informații;die Auskunft;VOCABULAR ALFABETIC A;
străinătate;das Ausland;VOCABULAR ALFABETIC A;
a stinge;ausmachen;VOCABULAR ALFABETIC A;
a despacheta;auspacken;VOCABULAR ALFABETIC A;
a se odihni;ausruhen;VOCABULAR ALFABETIC A;
a arăta;aussehen;VOCABULAR ALFABETIC A;
în afară de;außer;VOCABULAR ALFABETIC A;
în plus;außerdem;VOCABULAR ALFABETIC A;
în afara orașului;außerhalb;VOCABULAR ALFABETIC A;
a pronunța;aussprechen;VOCABULAR ALFABETIC A;
a coborî (din vehicul);aussteigen;VOCABULAR ALFABETIC A;
expoziție;die Ausstellung;VOCABULAR ALFABETIC A;
a distribui (ziare);austragen;VOCABULAR ALFABETIC A;
buletin / act de identitate;der Ausweis;VOCABULAR ALFABETIC A;
mașină;das Auto;VOCABULAR ALFABETIC A;
autostradă;die Autobahn;VOCABULAR ALFABETIC A;
automat;der Automat;VOCABULAR ALFABETIC A;
bebeluș;das Baby;VOCABULAR ALFABETIC B;
a coace;backen;VOCABULAR ALFABETIC B;
brutărie;die Bäckerei;VOCABULAR ALFABETIC B;
baie;das Bad;VOCABULAR ALFABETIC B;
a face baie;baden;VOCABULAR ALFABETIC B;
tren;die Bahn;VOCABULAR ALFABETIC B;
gară;der Bahnhof;VOCABULAR ALFABETIC B;
peron;der Bahnsteig;VOCABULAR ALFABETIC B;
curând;bald;VOCABULAR ALFABETIC B;
balcon;der Balkon;VOCABULAR ALFABETIC B;
minge;der Ball;VOCABULAR ALFABETIC B;
banană;die Banane;VOCABULAR ALFABETIC B;
trupă;die Band;VOCABULAR ALFABETIC B;
bancă (instituție);die Bank;VOCABULAR ALFABETIC B;
bancă (mobilier);die Bank;VOCABULAR ALFABETIC B;
în numerar;bar;VOCABULAR ALFABETIC B;
baschet;der Basketball;VOCABULAR ALFABETIC B;
a confecționa;basteln;VOCABULAR ALFABETIC B;
burtă;der Bauch;VOCABULAR ALFABETIC B;
a construi;bauen;VOCABULAR ALFABETIC B;
copac;der Baum;VOCABULAR ALFABETIC B;
șantier;die Baustelle;VOCABULAR ALFABETIC B;
a răspunde (la o întrebare);beantworten;VOCABULAR ALFABETIC B;
a mulțumi;bedanken;VOCABULAR ALFABETIC B;
a însemna;bedeuten;VOCABULAR ALFABETIC B;
a se grăbi;beeilen;VOCABULAR ALFABETIC B;
a termina;beenden;VOCABULAR ALFABETIC B;
a începe;beginnen;VOCABULAR ALFABETIC B;
a argumenta;begründen;VOCABULAR ALFABETIC B;
lângă / la;bei;VOCABULAR ALFABETIC B;
amândoi;beide;VOCABULAR ALFABETIC B;
picior;das Bein;VOCABULAR ALFABETIC B;
cunoscut / celebru;bekannt;VOCABULAR ALFABETIC B;
cunoscut (persoană);der Bekannte;VOCABULAR ALFABETIC B;
a primi;bekommen;VOCABULAR ALFABETIC B;
popular;beliebt;VOCABULAR ALFABETIC B;
a folosi;benutzen;VOCABULAR ALFABETIC B;
confortabil;bequem;VOCABULAR ALFABETIC B;
a sfătui;beraten;VOCABULAR ALFABETIC B;
munte;der Berg;VOCABULAR ALFABETIC B;
a raporta;berichten;VOCABULAR ALFABETIC B;
profesie;der Beruf;VOCABULAR ALFABETIC B;
faimos;berühmt;VOCABULAR ALFABETIC B;
veste / informație;der Bescheid;VOCABULAR ALFABETIC B;
a descrie;beschreiben;VOCABULAR ALFABETIC B;
a se plânge;beschweren;VOCABULAR ALFABETIC B;
ocupat;besetzt;VOCABULAR ALFABETIC B;
a vizita (obiectiv);besichtigen;VOCABULAR ALFABETIC B;
în mod deosebit;besonders;VOCABULAR ALFABETIC B;
a confirma;bestätigen;VOCABULAR ALFABETIC B;
a trece (examen);bestehen;VOCABULAR ALFABETIC B;
a comanda;bestellen;VOCABULAR ALFABETIC B;
vizită;der Besuch;VOCABULAR ALFABETIC B;
a vizita (persoană);besuchen;VOCABULAR ALFABETIC B;
pat;das Bett;VOCABULAR ALFABETIC B;
a aplica pentru un post;bewerben;VOCABULAR ALFABETIC B;
candidatură;die Bewerbung;VOCABULAR ALFABETIC B;
înnorat;bewölkt;VOCABULAR ALFABETIC B;
a plăti;bezahlen;VOCABULAR ALFABETIC B;
bibliotecă;die Bibliothek;VOCABULAR ALFABETIC B;
bere;das Bier;VOCABULAR ALFABETIC B;
imagine / poză;das Bild;VOCABULAR ALFABETIC B;
ieftin;billig;VOCABULAR ALFABETIC B;
pară;die Birne;VOCABULAR ALFABETIC B;
până;bis;VOCABULAR ALFABETIC B;
puțin;bisschen;VOCABULAR ALFABETIC B;
vă rog / mulțumesc;bitte;VOCABULAR ALFABETIC B;
rugăminte;die Bitte;VOCABULAR ALFABETIC B;
a ruga;bitten;VOCABULAR ALFABETIC B;
amar;bitter;VOCABULAR ALFABETIC B;
foaie;das Blatt;VOCABULAR ALFABETIC B;
a rămâne;bleiben;VOCABULAR ALFABETIC B;
creion;der Bleistift;VOCABULAR ALFABETIC B;
prost;blöd;VOCABULAR ALFABETIC B;
blog;der Blog;VOCABULAR ALFABETIC B;
blond;blond;VOCABULAR ALFABETIC B;
floare;die Blume;VOCABULAR ALFABETIC B;
bluză;die Blusa;VOCABULAR ALFABETIC B;
fasole;die Bohne;VOCABULAR ALFABETIC B;
supărat;böse;VOCABULAR ALFABETIC B;
a prăji;braten;VOCABULAR ALFABETIC B;
a avea nevoie;brauchen;VOCABULAR ALFABETIC B;
scrisoare;der Brief;VOCABULAR ALFABETIC B;
timbru;die Briefmarke;VOCABULAR ALFABETIC B;
ochelari;die Brille;VOCABULAR ALFABETIC B;
a aduce;bringen;VOCABULAR ALFABETIC B;
pâine;das Brot;VOCABULAR ALFABETIC B;
chiflă;das Brötchen;VOCABULAR ALFABETIC B;
pod;die Brücke;VOCABULAR ALFABETIC B;
carte;das Buch;VOCABULAR ALFABETIC B;
a rezerva;buchen;VOCABULAR ALFABETIC B;
literă;der Buchstabe;VOCABULAR ALFABETIC B;
a silabisi;buchstabieren;VOCABULAR ALFABETIC B;
colorat;bunt;VOCABULAR ALFABETIC B;
birou;das Büro;VOCABULAR ALFABETIC B;
autobuz;der Bus;VOCABULAR ALFABETIC B;
unt;die Butter;VOCABULAR ALFABETIC B;
cafenea;das Café;VOCABULAR ALFABETIC C-D;
cafeterie;die Cafeteria;VOCABULAR ALFABETIC C-D;
a chata;chatten;VOCABULAR ALFABETIC C-D;
șef;der Chef;VOCABULAR ALFABETIC C-D;
club;der Club;VOCABULAR ALFABETIC C-D;
bandă desenată;der Comic;VOCABULAR ALFABETIC C-D;
calculator;der Computer;VOCABULAR ALFABETIC C-D;
cremă;die Creme;VOCABULAR ALFABETIC C-D;
acolo / prezent;da;VOCABULAR ALFABETIC C-D;
pe asta / despre asta;da(r);VOCABULAR ALFABETIC C-D;
cu sine / prezent;dabei;VOCABULAR ALFABETIC C-D;
a fi pentru / împotrivă;dafür/dagegen sein;VOCABULAR ALFABETIC C-D;
pe atunci;damals;VOCABULAR ALFABETIC C-D;
doamnă;die Dame;VOCABULAR ALFABETIC C-D;
alături;daneben;VOCABULAR ALFABETIC C-D;
mulțumire;der Dank;VOCABULAR ALFABETIC C-D;
mulțumesc;danke;VOCABULAR ALFABETIC C-D;
a mulțumi;danken;VOCABULAR ALFABETIC C-D;
apoi;dann;VOCABULAR ALFABETIC C-D;
că (conjuncție);dass;VOCABULAR ALFABETIC C-D;
fișier;die Datei;VOCABULAR ALFABETIC C-D;
dată;das Datum;VOCABULAR ALFABETIC C-D;
a dura;dauern;VOCABULAR ALFABETIC C-D;
a gândi;denken;VOCABULAR ALFABETIC C-D;
căci / pentru că;denn;VOCABULAR ALFABETIC C-D;
de aceea;deshalb;VOCABULAR ALFABETIC C-D;
clar / distinct;deutlich;VOCABULAR ALFABETIC C-D;
gras;dick;VOCABULAR ALFABETIC C-D;
lucru;das Ding;VOCABULAR ALFABETIC C-D;
direct;direkt;VOCABULAR ALFABETIC C-D;
discotecă;die Disco;VOCABULAR ALFABETIC C-D;
a discuta;diskutieren;VOCABULAR ALFABETIC C-D;
totuși / ba da;doch;VOCABULAR ALFABETIC C-D;
cameră dublă;das Doppelzimmer;VOCABULAR ALFABETIC C-D;
sat;das Dorf;VOCABULAR ALFABETIC C-D;
acolo / de acolo / până acolo;dort;VOCABULAR ALFABETIC C-D;
afară;draußen;VOCABULAR ALFABETIC C-D;
urgent;dringend;VOCABULAR ALFABETIC C-D;
înăuntru;drinnen;VOCABULAR ALFABETIC C-D;
dincolo;drüben;VOCABULAR ALFABETIC C-D;
a apăsa;drücken;VOCABULAR ALFABETIC C-D;
a imprima;drucken;VOCABULAR ALFABETIC C-D;
imprimantă;der Drucker;VOCABULAR ALFABETIC C-D;
prost / stupid;dumm;VOCABULAR ALFABETIC C-D;
întunecat;dunkel;VOCABULAR ALFABETIC C-D;
subțire;dünn;VOCABULAR ALFABETIC C-D;
prin;durch;VOCABULAR ALFABETIC C-D;
a avea voie;dürfen;VOCABULAR ALFABETIC C-D;
sete;der Durst;VOCABULAR ALFABETIC C-D;
duș;die Dusche;VOCABULAR ALFABETIC C-D;
a face duș;duschen;VOCABULAR ALFABETIC C-D;
carte electronică;das E-Book;VOCABULAR ALFABETIC E;
adevărat / cu adevărat;echt;VOCABULAR ALFABETIC E;
colț;die Ecke;VOCABULAR ALFABETIC E;
indiferent;egal;VOCABULAR ALFABETIC E;
soție;die Ehefrau;VOCABULAR ALFABETIC E;
soț;der Ehemann;VOCABULAR ALFABETIC E;
ou;das Ei;VOCABULAR ALFABETIC E;
propriu;eigen-;VOCABULAR ALFABETIC E;
de fapt;eigentlich;VOCABULAR ALFABETIC E;
urgent;eilig;VOCABULAR ALFABETIC E;
simplu / dus (bilet);einfach;VOCABULAR ALFABETIC E;
intrare;der Eingang;VOCABULAR ALFABETIC E;
câțiva;einig-;VOCABULAR ALFABETIC E;
a face cumpărături;einkaufen;VOCABULAR ALFABETIC E;
centru comercial;das Einkaufszentrum;VOCABULAR ALFABETIC E;
a invita;einladen;VOCABULAR ALFABETIC E;
invitație;die Einladung;VOCABULAR ALFABETIC E;
o dată / cândva;einmal;VOCABULAR ALFABETIC E;
a împacheta;einpacken;VOCABULAR ALFABETIC E;
a urca (în vehicul);einsteigen;VOCABULAR ALFABETIC E;
a se înscrie;eintragen;VOCABULAR ALFABETIC E;
intrare (preț);der Eintritt;VOCABULAR ALFABETIC E;
a fi de acord;einverstanden sein;VOCABULAR ALFABETIC E;
individual / singur;einzel-;VOCABULAR ALFABETIC E;
a se muta (în);einziehen;VOCABULAR ALFABETIC E;
înghețată;das Eis;VOCABULAR ALFABETIC E;
e-mail;die E-Mail;VOCABULAR ALFABETIC E;
destinatar;der Empfänger;VOCABULAR ALFABETIC E;
a recomanda;empfehlen;VOCABULAR ALFABETIC E;
capăt / sfârșit;das Ende;VOCABULAR ALFABETIC E;
a se termina;enden;VOCABULAR ALFABETIC E;
în sfârșit;endlich;VOCABULAR ALFABETIC E;
strâmt;eng;VOCABULAR ALFABETIC E;
a-și cere scuze;entschuldigen;VOCABULAR ALFABETIC E;
scuze;die Entschuldigung;VOCABULAR ALFABETIC E;
parter;das Erdgeschoss;VOCABULAR ALFABETIC E;
experiență;die Erfahrung;VOCABULAR ALFABETIC E;
a-și aminti;erinnern;VOCABULAR ALFABETIC E;
răcit;erkältet sein;VOCABULAR ALFABETIC E;
a explica;erklären;VOCABULAR ALFABETIC E;
a permite;erlauben;VOCABULAR ALFABETIC E;
permis;erlaubt sein;VOCABULAR ALFABETIC E;
permisiune;die Erlaubnis;VOCABULAR ALFABETIC E;
reducere;die Ermäßigung;VOCABULAR ALFABETIC E;
a ajunge (la timp);erreichen;VOCABULAR ALFABETIC E;
abia / doar;erst;VOCABULAR ALFABETIC E;
adult;der Erwachsene;VOCABULAR ALFABETIC E;
a povesti;erzählen;VOCABULAR ALFABETIC E;
a mânca;essen;VOCABULAR ALFABETIC E;
mâncare;das Essen;VOCABULAR ALFABETIC E;
ceva;etwas;VOCABULAR ALFABETIC E;
materie (școală);das Fach;VOCABULAR ALFABETIC F;
a pleca / a conduce;fahren;VOCABULAR ALFABETIC F;
bilet;die Fahrkarte;VOCABULAR ALFABETIC F;
orar;der Fahrplan;VOCABULAR ALFABETIC F;
bicicletă;das Fahrrad;VOCABULAR ALFABETIC F;
a cădea;fallen;VOCABULAR ALFABETIC F;
greșit;falsch;VOCABULAR ALFABETIC F;
familie;die Familie;VOCABULAR ALFABETIC F;
nume de familie;der Familienname;VOCABULAR ALFABETIC F;
fan;der Fan;VOCABULAR ALFABETIC F;
fantastic;fantastisch;VOCABULAR ALFABETIC F;
culoare;die Farbe;VOCABULAR ALFABETIC F;
aproape;fast;VOCABULAR ALFABETIC F;
leneș;faul;VOCABULAR ALFABETIC F;
a lipsi;fehlen;VOCABULAR ALFABETIC F;
greșeală;der Fehler;VOCABULAR ALFABETIC F;
sărbătoare;die Feier;VOCABULAR ALFABETIC F;
a sărbători;feiern;VOCABULAR ALFABETIC F;
fereastră;das Fenster;VOCABULAR ALFABETIC F;
vacanță;die Ferien;VOCABULAR ALFABETIC F;
a se uita la televizor;fernsehen;VOCABULAR ALFABETIC F;
televizor;der Fernseher;VOCABULAR ALFABETIC F;
gata;fertig sein;VOCABULAR ALFABETIC F;
sărbătoare / petrecere;das Fest;VOCABULAR ALFABETIC F;
festival;das Festival;VOCABULAR ALFABETIC F;
gras (mâncare);fett;VOCABULAR ALFABETIC F;
febră;das Fieber;VOCABULAR ALFABETIC F;
film;der Film;VOCABULAR ALFABETIC F;
a găsi / a considera;finden;VOCABULAR ALFABETIC F;
firmă;die Firma;VOCABULAR ALFABETIC F;
pește;der Fisch;VOCABULAR ALFABETIC F;
în formă;fit sein;VOCABULAR ALFABETIC F;
sticlă;die Flasche;VOCABULAR ALFABETIC F;
carne;das Fleisch;VOCABULAR ALFABETIC F;
harnic;fleißig;VOCABULAR ALFABETIC F;
a zbura;fliegen;VOCABULAR ALFABETIC F;
târg de vechituri;der Flohmarkt;VOCABULAR ALFABETIC F;
zbor;der Flug;VOCABULAR ALFABETIC F;
aeroport;der Flughafen;VOCABULAR ALFABETIC F;
avion;das Flugzeug;VOCABULAR ALFABETIC F;
râu;der Fluss;VOCABULAR ALFABETIC F;
formular;das Formular;VOCABULAR ALFABETIC F;
aparat foto;der Fotoapparat;VOCABULAR ALFABETIC F;
a fotografia;fotografieren;VOCABULAR ALFABETIC F;
fotografie;das Foto;VOCABULAR ALFABETIC F;
întrebare;die Frage;VOCABULAR ALFABETIC F;
a întreba;fragen;VOCABULAR ALFABETIC F;
femeie / doamnă;die Frau;VOCABULAR ALFABETIC F;
liber / gratuit;frei;VOCABULAR ALFABETIC F;
voluntar;freiwillig;VOCABULAR ALFABETIC F;
timp liber;die Freizeit;VOCABULAR ALFABETIC F;
străin;fremd;VOCABULAR ALFABETIC F;
a se bucura;freuen;VOCABULAR ALFABETIC F;
prieten;der Freund;VOCABULAR ALFABETIC F;
prietenă;die Freundin;VOCABULAR ALFABETIC F;
prietenos;freundlich;VOCABULAR ALFABETIC F;
proaspăt;frisch;VOCABULAR ALFABETIC F;
bucuros;froh;VOCABULAR ALFABETIC F;
devreme;früh;VOCABULAR ALFABETIC F;
mai devreme / anterior;früher;VOCABULAR ALFABETIC F;
mic dejun;das Frühstück;VOCABULAR ALFABETIC F;
a lua micul dejun;frühstücken;VOCABULAR ALFABETIC F;
a se simți;fühlen;VOCABULAR ALFABETIC F;
permis de conducere;der Führerschein;VOCABULAR ALFABETIC F;
ghidaj / tur;die Führung;VOCABULAR ALFABETIC F;
obiecte găsite;die Fundsachen;VOCABULAR ALFABETIC F;
pentru;für;VOCABULAR ALFABETIC F;
îngrozitor;furchtbar;VOCABULAR ALFABETIC F;
picior;der Fuß;VOCABULAR ALFABETIC F;
fotbal;der Fußball;VOCABULAR ALFABETIC F;
furculiță;die Gabel;VOCABULAR ALFABETIC G;
întreg / destul de;ganz;VOCABULAR ALFABETIC G;
garaj;die Garage;VOCABULAR ALFABETIC G;
grădină;der Garten;VOCABULAR ALFABETIC G;
oaspete;der Gast;VOCABULAR ALFABETIC G;
a da / există;geben;VOCABULAR ALFABETIC G;
născut;geboren;VOCABULAR ALFABETIC G;
an naștere / loc naștere / zi naștere;Geburtsjahr/ort/tag;VOCABULAR ALFABETIC G;
stimat;geehrt-;VOCABULAR ALFABETIC G;
periculos;gefährlich;VOCABULAR ALFABETIC G;
a plăcea;gefallen;VOCABULAR ALFABETIC G;
împotriva / contra;gegen;VOCABULAR ALFABETIC G;
contrariul;das Gegenteil;VOCABULAR ALFABETIC G;
vizavi;gegenüber;VOCABULAR ALFABETIC G;
salariu;das Gehalt;VOCABULAR ALFABETIC G;
a merge / a funcționa;gehen;VOCABULAR ALFABETIC G;
a aparține;gehören;VOCABULAR ALFABETIC G;
bani;das Geld;VOCABULAR ALFABETIC G;
portofel;die Geldbörse;VOCABULAR ALFABETIC G;
legume;das Gemüse;VOCABULAR ALFABETIC G;
exact;genau;VOCABULAR ALFABETIC G;
destul;genug;VOCABULAR ALFABETIC G;
bagaj;das Gepäck;VOCABULAR ALFABETIC G;
tocmai / chiar acum;gerade;VOCABULAR ALFABETIC G;
drept înainte;geradeaus;VOCABULAR ALFABETIC G;
aparat / dispozitiv;das Gerät;VOCABULAR ALFABETIC G;
preparat / fel de mâncare;das Gericht;VOCABULAR ALFABETIC G;
cu plăcere / mai degrabă;gern;VOCABULAR ALFABETIC G;
magazin;das Geschäft;VOCABULAR ALFABETIC G;
cadou;das Geschenk;VOCABULAR ALFABETIC G;
istorie / poveste;die Geschichte;VOCABULAR ALFABETIC G;
veselă;das Geschirr;VOCABULAR ALFABETIC G;
față;das Gesicht;VOCABULAR ALFABETIC G;
conversație;das Gespräch;VOCABULAR ALFABETIC G;
ieri;gestern;VOCABULAR ALFABETIC G;
sănătos;gesund;VOCABULAR ALFABETIC G;
sănătate;die Gesundheit;VOCABULAR ALFABETIC G;
băutură;das Getränk;VOCABULAR ALFABETIC G;
a câștiga;gewinnen;VOCABULAR ALFABETIC G;
furtună;das Gewitter;VOCABULAR ALFABETIC G;
chitară;die Gitarre;VOCABULAR ALFABETIC G;
pahar;das Glas;VOCABULAR ALFABETIC G;
a crede;glauben;VOCABULAR ALFABETIC G;
imediat / la fel;gleich;VOCABULAR ALFABETIC G;
linie (cale ferată);das Gleis;VOCABULAR ALFABETIC G;
noroc;das Glück;VOCABULAR ALFABETIC G;
fericit;glücklich;VOCABULAR ALFABETIC G;
felicitare;der Glückwunsch;VOCABULAR ALFABETIC G;
a felicita;gratulieren;VOCABULAR ALFABETIC G;
a face grătar;grillen;VOCABULAR ALFABETIC G;
gripă;die Grippe;VOCABULAR ALFABETIC G;
mare;groß;VOCABULAR ALFABETIC G;
mărime;die Größe;VOCABULAR ALFABETIC G;
grup;die Gruppe;VOCABULAR ALFABETIC G;
salutări;der Gruß;VOCABULAR ALFABETIC G;
valabil;gültig sein;VOCABULAR ALFABETIC G;
ieftin / avantajos;günstig;VOCABULAR ALFABETIC G;
bun;gut;VOCABULAR ALFABETIC G;
păr;das Haar;VOCABULAR ALFABETIC H;
a avea;haben;VOCABULAR ALFABETIC H;
pui (mâncare);das Hähnchen;VOCABULAR ALFABETIC H;
sală;die Halle;VOCABULAR ALFABETIC H;
bună ziua;hallo;VOCABULAR ALFABETIC H;
gât;der Hals;VOCABULAR ALFABETIC H;
a opri / a ține;halten;VOCABULAR ALFABETIC H;
stație;die Haltestelle;VOCABULAR ALFABETIC H;
hamburger;der Hamburger;VOCABULAR ALFABETIC H;
mână;die Hand;VOCABULAR ALFABETIC H;
prosop;das Handtuch;VOCABULAR ALFABETIC H;
telefon mobil;das Handy;VOCABULAR ALFABETIC H;
a atârna;hängen;VOCABULAR ALFABETIC H;
dur / tare;hart;VOCABULAR ALFABETIC H;
urât;hässlich;VOCABULAR ALFABETIC H;
capitală;die Hauptstadt;VOCABULAR ALFABETIC H;
casă;das Haus;VOCABULAR ALFABETIC H;
gospodărie;der Haushalt;VOCABULAR ALFABETIC H;
caiet;das Heft;VOCABULAR ALFABETIC H;
patrie;die Heimat;VOCABULAR ALFABETIC H;
a se căsători;heiraten;VOCABULAR ALFABETIC H;
fierbinte;heiß;VOCABULAR ALFABETIC H;
a se numi;heißen;VOCABULAR ALFABETIC H;
calorifer;die Heizung;VOCABULAR ALFABETIC H;
a ajuta;helfen;VOCABULAR ALFABETIC H;
luminos;hell;VOCABULAR ALFABETIC H;
cămașă;das Hemd;VOCABULAR ALFABETIC H;
încoace;her-;VOCABULAR ALFABETIC H;
afară;heraus;VOCABULAR ALFABETIC H;
înăuntru;herein;VOCABULAR ALFABETIC H;
aragaz;der Herd;VOCABULAR ALFABETIC H;
domn;der Herr;VOCABULAR ALFABETIC H;
a produce;herstellen;VOCABULAR ALFABETIC H;
a descărca;herunterladen;VOCABULAR ALFABETIC H;
cordial;herzlich;VOCABULAR ALFABETIC H;
azi;heute;VOCABULAR ALFABETIC H;
aici;hier;VOCABULAR ALFABETIC H;
ajutor;die Hilfe;VOCABULAR ALFABETIC H;
cer;der Himmel;VOCABULAR ALFABETIC H;
încolo;hin-;VOCABULAR ALFABETIC H;
în spate;hinten;VOCABULAR ALFABETIC H;
în spatele;hinter;VOCABULAR ALFABETIC H;
hobby;das Hobby;VOCABULAR ALFABETIC H;
înalt / ridicat;hoch;VOCABULAR ALFABETIC H;
nuntă;die Hochzeit;VOCABULAR ALFABETIC H;
a spera;hoffen;VOCABULAR ALFABETIC H;
sper că;hoffentlich;VOCABULAR ALFABETIC H;
a lua / a aduce;holen;VOCABULAR ALFABETIC H;
pagină web;die Homepage;VOCABULAR ALFABETIC H;
a auzi;hören;VOCABULAR ALFABETIC H;
pantaloni;die Hose;VOCABULAR ALFABETIC H;
hotel;das Hotel;VOCABULAR ALFABETIC H;
câine;der Hund;VOCABULAR ALFABETIC H;
foame;der Hunger;VOCABULAR ALFABETIC H;
a tuși;husten;VOCABULAR ALFABETIC H;
idee;die Idee;VOCABULAR ALFABETIC I-J;
mereu;immer;VOCABULAR ALFABETIC I-J;
în / la;in;VOCABULAR ALFABETIC I-J;
informație;die Information;VOCABULAR ALFABETIC I-J;
a se informa;informieren;VOCABULAR ALFABETIC I-J;
insulă;die Insel;VOCABULAR ALFABETIC I-J;
instrument;das Instrument;VOCABULAR ALFABETIC I-J;
inteligent;intelligent;VOCABULAR ALFABETIC I-J;
interes;das Interesse;VOCABULAR ALFABETIC I-J;
a se interesa;interessieren;VOCABULAR ALFABETIC I-J;
interesant;interessant;VOCABULAR ALFABETIC I-J;
internațional;international;VOCABULAR ALFABETIC I-J;
internet;das Internet;VOCABULAR ALFABETIC I-J;
interviu;das Interview;VOCABULAR ALFABETIC I-J;
da;ja;VOCABULAR ALFABETIC I-J;
geacă;die Jacke;VOCABULAR ALFABETIC I-J;
jeans;die Jeans;VOCABULAR ALFABETIC I-J;
fiecare;jeder;VOCABULAR ALFABETIC I-J;
cineva;jemand;VOCABULAR ALFABETIC I-J;
acum;jetzt;VOCABULAR ALFABETIC I-J;
job;der Job;VOCABULAR ALFABETIC I-J;
a face jogging;joggen;VOCABULAR ALFABETIC I-J;
hostel;die Jugendherberge;VOCABULAR ALFABETIC I-J;
tânăr;der Jugendliche;VOCABULAR ALFABETIC I-J;
tânăr (adj.);jung;VOCABULAR ALFABETIC I-J;
băiat;der Junge;VOCABULAR ALFABETIC I-J;
cafea;der Kaffee;VOCABULAR ALFABETIC K;
calendar;der Kalender;VOCABULAR ALFABETIC K;
rece;kalt;VOCABULAR ALFABETIC K;
cameră foto;die Kamera;VOCABULAR ALFABETIC K;
stricat;kaputt;VOCABULAR ALFABETIC K;
carte / card / meniu;die Karte;VOCABULAR ALFABETIC K;
cartof;die Kartoffel;VOCABULAR ALFABETIC K;
brânză;der Käse;VOCABULAR ALFABETIC K;
casă de marcat;die Kasse;VOCABULAR ALFABETIC K;
pisică;die Katze;VOCABULAR ALFABETIC K;
a cumpăra;kaufen;VOCABULAR ALFABETIC K;
magazin universal;das Kaufhaus;VOCABULAR ALFABETIC K;
niciun;kein;VOCABULAR ALFABETIC K;
pivniță;der Keller;VOCABULAR ALFABETIC K;
a cunoaște;kennen;VOCABULAR ALFABETIC K;
a face cunoștință;kennenlernen;VOCABULAR ALFABETIC K;
cunoștințe;die Kenntnisse;VOCABULAR ALFABETIC K;
colier;die Kette;VOCABULAR ALFABETIC K;
copil;das Kind;VOCABULAR ALFABETIC K;
grădiniță;der Kindergarten;VOCABULAR ALFABETIC K;
cinema;das Kino;VOCABULAR ALFABETIC K;
chioșc;der Kiosk;VOCABULAR ALFABETIC K;
biserică;die Kirche;VOCABULAR ALFABETIC K;
a merge (a funcționa);klappen;VOCABULAR ALFABETIC K;
clar / sigur;klar;VOCABULAR ALFABETIC K;
pian;das Klavier;VOCABULAR ALFABETIC K;
rochie;das Kleid;VOCABULAR ALFABETIC K;
îmbrăcăminte;die Kleidung;VOCABULAR ALFABETIC K;
mic;klein;VOCABULAR ALFABETIC K;
deștept;klug;VOCABULAR ALFABETIC K;
a găti;kochen;VOCABULAR ALFABETIC K;
valiză;der Koffer;VOCABULAR ALFABETIC K;
coleg;der Kollege;VOCABULAR ALFABETIC K;
amuzant / ciudat;komisch;VOCABULAR ALFABETIC K;
a veni;kommen;VOCABULAR ALFABETIC K;
a putea;können;VOCABULAR ALFABETIC K;
contact;der Kontakt;VOCABULAR ALFABETIC K;
cont;das Konto;VOCABULAR ALFABETIC K;
a controla;kontrollieren;VOCABULAR ALFABETIC K;
concert;das Konzert;VOCABULAR ALFABETIC K;
cap;der Kopf;VOCABULAR ALFABETIC K;
corp;der Körper;VOCABULAR ALFABETIC K;
cosmetice;die Kosmetik;VOCABULAR ALFABETIC K;
a costa;kosten;VOCABULAR ALFABETIC K;
gratuit;kostenlos;VOCABULAR ALFABETIC K;
bolnav;krank;VOCABULAR ALFABETIC K;
spital;das Krankenhaus;VOCABULAR ALFABETIC K;
casă de asigurări;die Krankenkasse;VOCABULAR ALFABETIC K;
boală;die Krankheit;VOCABULAR ALFABETIC K;
credit;der Kredit;VOCABULAR ALFABETIC K;
intersecție;die Kreuzung;VOCABULAR ALFABETIC K;
a primi / a lua;kriegen;VOCABULAR ALFABETIC K;
roman polițist;der Krimi;VOCABULAR ALFABETIC K;
bucătărie;die Küche;VOCABULAR ALFABETIC K;
prăjitură;der Kuchen;VOCABULAR ALFABETIC K;
răcoros;kühl;VOCABULAR ALFABETIC K;
frigider;der Kühlschrank;VOCABULAR ALFABETIC K;
cultură;die Kultur;VOCABULAR ALFABETIC K;
a se ocupa;kümmern;VOCABULAR ALFABETIC K;
client;der Kunde;VOCABULAR ALFABETIC K;
a demisiona;kündigen;VOCABULAR ALFABETIC K;
artă;die Kunst;VOCABULAR ALFABETIC K;
curs;der Kurs;VOCABULAR ALFABETIC K;
scurt;kurz;VOCABULAR ALFABETIC K;
a râde;lachen;VOCABULAR ALFABETIC L;
magazin (mic);der Laden;VOCABULAR ALFABETIC L;
lampă;die Lampe;VOCABULAR ALFABETIC L;
țară / sat;das Land;VOCABULAR ALFABETIC L;
peisaj;die Landschaft;VOCABULAR ALFABETIC L;
lung;lang;VOCABULAR ALFABETIC L;
mult timp;lange;VOCABULAR ALFABETIC L;
încet;langsam;VOCABULAR ALFABETIC L;
plictisitor;langweilig;VOCABULAR ALFABETIC L;
laptop;der Laptop;VOCABULAR ALFABETIC L;
a lăsa;lassen;VOCABULAR ALFABETIC L;
a alerga / a merge;laufen;VOCABULAR ALFABETIC L;
tare (sunet);laut;VOCABULAR ALFABETIC L;
a trăi;leben;VOCABULAR ALFABETIC L;
viață;das Leben;VOCABULAR ALFABETIC L;
alimente;die Lebensmittel;VOCABULAR ALFABETIC L;
gol;leer;VOCABULAR ALFABETIC L;
a pune (culcat);legen;VOCABULAR ALFABETIC L;
ușor / simplu;leicht;VOCABULAR ALFABETIC L;
din păcate;leider;VOCABULAR ALFABETIC L;
îmi pare rău;leidtun;VOCABULAR ALFABETIC L;
a împrumuta;leihen;VOCABULAR ALFABETIC L;
liniștit;leise;VOCABULAR ALFABETIC L;
a învăța;lernen;VOCABULAR ALFABETIC L;
a citi;lesen;VOCABULAR ALFABETIC L;
ultimul;letzt-;VOCABULAR ALFABETIC L;
oameni;die Leute;VOCABULAR ALFABETIC L;
lumină;das Licht;VOCABULAR ALFABETIC L;
drag / mai degrabă;lieb-;VOCABULAR ALFABETIC L;
a iubi;lieben;VOCABULAR ALFABETIC L;
preferat;Lieblings-;VOCABULAR ALFABETIC L;
cântec;das Lied;VOCABULAR ALFABETIC L;
a livra;liefern;VOCABULAR ALFABETIC L;
a sta jos;liegen;VOCABULAR ALFABETIC L;
link;der Link;VOCABULAR ALFABETIC L;
stânga;links;VOCABULAR ALFABETIC L;
lingură;der Löffel;VOCABULAR ALFABETIC L;
local / restaurant;das Lokal;VOCABULAR ALFABETIC L;
minciună;die Lüge;VOCABULAR ALFABETIC L;
a minți;lügen;VOCABULAR ALFABETIC L;
chef;die Lust;VOCABULAR ALFABETIC L;
amuzant;lustig;VOCABULAR ALFABETIC L;
a face;machen;VOCABULAR ALFABETIC M;
fată;das Mädchen;VOCABULAR ALFABETIC M;
stomac;der Magen;VOCABULAR ALFABETIC M;
căsuța vocală;die Mailbox;VOCABULAR ALFABETIC M;
odată / de data asta;mal;VOCABULAR ALFABETIC M;
a picta / a desena;malen;VOCABULAR ALFABETIC M;
se / omul;man;VOCABULAR ALFABETIC M;
unii;manch-;VOCABULAR ALFABETIC M;
uneori;manchmal;VOCABULAR ALFABETIC M;
bărbat / soț;der Mann;VOCABULAR ALFABETIC M;
masculin;männlich;VOCABULAR ALFABETIC M;
echipă;die Mannschaft;VOCABULAR ALFABETIC M;
pardesiu;der Mantel;VOCABULAR ALFABETIC M;
piață;der Markt;VOCABULAR ALFABETIC M;
mașină;die Maschine;VOCABULAR ALFABETIC M;
medicament;das Medikament;VOCABULAR ALFABETIC M;
mare (ocean);das Meer;VOCABULAR ALFABETIC M;
mai mult;mehr;VOCABULAR ALFABETIC M;
a crede / a spune;meinen;VOCABULAR ALFABETIC M;
opinie;die Meinung;VOCABULAR ALFABETIC M;
cei mai mulți;meist-;VOCABULAR ALFABETIC M;
de obicei;meistens;VOCABULAR ALFABETIC M;
cantitate;die Menge;VOCABULAR ALFABETIC M;
om / persoană;der Mensch;VOCABULAR ALFABETIC M;
a-și aminti;merken;VOCABULAR ALFABETIC M;
târg;die Messe;VOCABULAR ALFABETIC M;
cuțit;das Messer;VOCABULAR ALFABETIC M;
chirie;die Miete;VOCABULAR ALFABETIC M;
a închiria;mieten;VOCABULAR ALFABETIC M;
lapte;die Milch;VOCABULAR ALFABETIC M;
cel puțin;mindestens;VOCABULAR ALFABETIC M;
apă minerală;das Mineralwasser;VOCABULAR ALFABETIC M;
cu / împreună;mit;VOCABULAR ALFABETIC M;
coleg de muncă;der Mitarbeiter;VOCABULAR ALFABETIC M;
prânz;das Mittagessen;VOCABULAR ALFABETIC M;
mijloc;die Mitte;VOCABULAR ALFABETIC M;
remediu;das Mittel;VOCABULAR ALFABETIC M;
mobilă;die Möbel;VOCABULAR ALFABETIC M;
telefon mobil;das Mobiltelefon;VOCABULAR ALFABETIC M;
a dori;möchten;VOCABULAR ALFABETIC M;
modă;die Mode;VOCABULAR ALFABETIC M;
modern;modern;VOCABULAR ALFABETIC M;
a-i plăcea;mögen;VOCABULAR ALFABETIC M;
posibil;möglich;VOCABULAR ALFABETIC M;
moment;der Moment;VOCABULAR ALFABETIC M;
mâine;morgen;VOCABULAR ALFABETIC M;
motor;der Motor;VOCABULAR ALFABETIC M;
scuter;der Motorroller;VOCABULAR ALFABETIC M;
obosit;müde;VOCABULAR ALFABETIC M;
gunoi;der Müll;VOCABULAR ALFABETIC M;
gură;der Mund;VOCABULAR ALFABETIC M;
muzeu;das Museum;VOCABULAR ALFABETIC M;
muzică;die Musik;VOCABULAR ALFABETIC M;
trebuie;müssen;VOCABULAR ALFABETIC M;
căciulă;die Mütze;VOCABULAR ALFABETIC M;
după / acasă;nach;VOCABULAR ALFABETIC N;
vecin;der Nachbar;VOCABULAR ALFABETIC N;
știre / mesaj;die Nachricht;VOCABULAR ALFABETIC N;
următor;nächste-;VOCABULAR ALFABETIC N;
apropiere;die Nähe;VOCABULAR ALFABETIC N;
nume;der Name;VOCABULAR ALFABETIC N;
ud;nass;VOCABULAR ALFABETIC N;
natură;die Natur;VOCABULAR ALFABETIC N;
bineînțeles;natürlich;VOCABULAR ALFABETIC N;
lângă;neben;VOCABULAR ALFABETIC N;
alături;nebenan;VOCABULAR ALFABETIC N;
ceațos;neblig;VOCABULAR ALFABETIC N;
a lua;nehmen;VOCABULAR ALFABETIC N;
nu;nein;VOCABULAR ALFABETIC N;
a numi;nennen;VOCABULAR ALFABETIC N;
nervos;nervös;VOCABULAR ALFABETIC N;
drăguț;nett;VOCABULAR ALFABETIC N;
nou;neu;VOCABULAR ALFABETIC N;
nu;nicht;VOCABULAR ALFABETIC N;
nimic;nichts;VOCABULAR ALFABETIC N;
niciodată;nie;VOCABULAR ALFABETIC N;
nimeni;niemand;VOCABULAR ALFABETIC N;
nicăieri;nirgends;VOCABULAR ALFABETIC N;
încă / mai;noch;VOCABULAR ALFABETIC N;
normal;normal;VOCABULAR ALFABETIC N;
notă (școală);die Note;VOCABULAR ALFABETIC N;
a nota;notieren;VOCABULAR ALFABETIC N;
notiță;die Notiz;VOCABULAR ALFABETIC N;
necesar;notwendig;VOCABULAR ALFABETIC N;
paste;die Nudel;VOCABULAR ALFABETIC N;
număr;die Nummer;VOCABULAR ALFABETIC N;
doar;nur;VOCABULAR ALFABETIC N;
util;nützlich;VOCABULAR ALFABETIC N;
sus / deasupra;oben;VOCABULAR ALFABETIC O-P;
fructe;das Obst;VOCABULAR ALFABETIC O-P;
sau;oder;VOCABULAR ALFABETIC O-P;
deschis;offen;VOCABULAR ALFABETIC O-P;
a deschide;öffnen;VOCABULAR ALFABETIC O-P;
des;oft;VOCABULAR ALFABETIC O-P;
fără;ohne;VOCABULAR ALFABETIC O-P;
ureche;das Ohr;VOCABULAR ALFABETIC O-P;
ulei;das Öl;VOCABULAR ALFABETIC O-P;
online;online;VOCABULAR ALFABETIC O-P;
portocală;die Orange;VOCABULAR ALFABETIC O-P;
ordine;die Ordnung;VOCABULAR ALFABETIC O-P;
a organiza;organisieren;VOCABULAR ALFABETIC O-P;
loc;der Ort;VOCABULAR ALFABETIC O-P;
pereche;das Paar;VOCABULAR ALFABETIC O-P;
câteva;ein paar;VOCABULAR ALFABETIC O-P;
a împacheta;packen;VOCABULAR ALFABETIC O-P;
pachet;das Paket;VOCABULAR ALFABETIC O-P;
hârtie;das Papier;VOCABULAR ALFABETIC O-P;
acte;die Papiere;VOCABULAR ALFABETIC O-P;
parfum;das Parfüm;VOCABULAR ALFABETIC O-P;
parc;der Park;VOCABULAR ALFABETIC O-P;
a parca;parken;VOCABULAR ALFABETIC O-P;
partener;der Partner;VOCABULAR ALFABETIC O-P;
petrecere;die Party;VOCABULAR ALFABETIC O-P;
pașaport;der Pass;VOCABULAR ALFABETIC O-P;
a se potrivi;passen;VOCABULAR ALFABETIC O-P;
a se întâmpla;passieren;VOCABULAR ALFABETIC O-P;
parolă;das Passwort;VOCABULAR ALFABETIC O-P;
pauză;die Pause;VOCABULAR ALFABETIC O-P;
persoană;die Person;VOCABULAR ALFABETIC O-P;
cal;das Pferd;VOCABULAR ALFABETIC O-P;
plantă;die Pflanze;VOCABULAR ALFABETIC O-P;
pizza;die Pizza;VOCABULAR ALFABETIC O-P;
afiș;das Plakat;VOCABULAR ALFABETIC O-P;
plan;der Plan;VOCABULAR ALFABETIC O-P;
a planifica;planen;VOCABULAR ALFABETIC O-P;
loc;der Platz;VOCABULAR ALFABETIC O-P;
deodată;plötzlich;VOCABULAR ALFABETIC O-P;
poliție;die Polizei;VOCABULAR ALFABETIC O-P;
cartofi prăjiți;die Pommes frites;VOCABULAR ALFABETIC O-P;
porție;die Portion;VOCABULAR ALFABETIC O-P;
poștă;die Post;VOCABULAR ALFABETIC O-P;
poster;das Poster;VOCABULAR ALFABETIC O-P;
carte poștală;die Postkarte;VOCABULAR ALFABETIC O-P;
cod poștal;die Postleitzahl;VOCABULAR ALFABETIC O-P;
practică / stagiu;das Praktikum;VOCABULAR ALFABETIC O-P;
practic;praktisch;VOCABULAR ALFABETIC O-P;
cabinet medical;die Praxis;VOCABULAR ALFABETIC O-P;
preț;der Preis;VOCABULAR ALFABETIC O-P;
ieftin (calitate bună);preiswert;VOCABULAR ALFABETIC O-P;
privat;privat;VOCABULAR ALFABETIC O-P;
pe (fiecare);pro;VOCABULAR ALFABETIC O-P;
a gusta / a încerca;probieren;VOCABULAR ALFABETIC O-P;
problemă;das Problem;VOCABULAR ALFABETIC O-P;
produs;das Produkt;VOCABULAR ALFABETIC O-P;
program;das Programm;VOCABULAR ALFABETIC O-P;
proiect;das Projekt;VOCABULAR ALFABETIC O-P;
pliant;der Prospekt;VOCABULAR ALFABETIC O-P;
a verifica;prüfen;VOCABULAR ALFABETIC O-P;
examen;die Prüfung;VOCABULAR ALFABETIC O-P;
pulover;der Pullover;VOCABULAR ALFABETIC O-P;
punctual;pünktlich;VOCABULAR ALFABETIC O-P;
a curăța;putzen;VOCABULAR ALFABETIC O-P;
calitate;die Qualität;VOCABULAR ALFABETIC Q-R;
quiz;das Quiz;VOCABULAR ALFABETIC Q-R;
radio;das Radio;VOCABULAR ALFABETIC Q-R;
a sfătui / a ghici;raten;VOCABULAR ALFABETIC Q-R;
primărie;das Rathaus;VOCABULAR ALFABETIC Q-R;
ghicitoare;das Rätsel;VOCABULAR ALFABETIC Q-R;
a fuma;rauchen;VOCABULAR ALFABETIC Q-R;
cameră;der Raum;VOCABULAR ALFABETIC Q-R;
a calcula;rechnen;VOCABULAR ALFABETIC Q-R;
factură;die Rechnung;VOCABULAR ALFABETIC Q-R;
a avea dreptate;recht haben;VOCABULAR ALFABETIC Q-R;
dreapta;rechts;VOCABULAR ALFABETIC Q-R;
a vorbi;reden;VOCABULAR ALFABETIC Q-R;
ploaie;der Regen;VOCABULAR ALFABETIC Q-R;
a ploua;regnen;VOCABULAR ALFABETIC Q-R;
bogat;reich;VOCABULAR ALFABETIC Q-R;
anvelopă;der Reifen;VOCABULAR ALFABETIC Q-R;
rând;die Reihe;VOCABULAR ALFABETIC Q-R;
curățătorie;die Reinigung;VOCABULAR ALFABETIC Q-R;
orez;der Reis;VOCABULAR ALFABETIC Q-R;
călătorie;die Reise;VOCABULAR ALFABETIC Q-R;
agenție de turism;das Reisebüro;VOCABULAR ALFABETIC Q-R;
ghid turistic;der Reiseführer;VOCABULAR ALFABETIC Q-R;
a călători;reisen;VOCABULAR ALFABETIC Q-R;
a călări;reiten;VOCABULAR ALFABETIC Q-R;
a renova;renovieren;VOCABULAR ALFABETIC Q-R;
pensionar;der Rentner;VOCABULAR ALFABETIC Q-R;
reparație;die Reparatur;VOCABULAR ALFABETIC Q-R;
a repara;reparieren;VOCABULAR ALFABETIC Q-R;
a rezerva;reservieren;VOCABULAR ALFABETIC Q-R;
rest;der Rest;VOCABULAR ALFABETIC Q-R;
restaurant;das Restaurant;VOCABULAR ALFABETIC Q-R;
rețetă;das Rezept;VOCABULAR ALFABETIC Q-R;
recepție;die Rezeption;VOCABULAR ALFABETIC Q-R;
corect;richtig;VOCABULAR ALFABETIC Q-R;
a mirosi;riechen;VOCABULAR ALFABETIC Q-R;
vită;das Rind;VOCABULAR ALFABETIC Q-R;
inel;der Ring;VOCABULAR ALFABETIC Q-R;
fustă;der Rock;VOCABULAR ALFABETIC Q-R;
romantic;romantisch;VOCABULAR ALFABETIC Q-R;
trandafir;die Rose;VOCABULAR ALFABETIC Q-R;
spate;der Rücken;VOCABULAR ALFABETIC Q-R;
rucsac;der Rucksack;VOCABULAR ALFABETIC Q-R;
a striga / a chema;rufen;VOCABULAR ALFABETIC Q-R;
liniște;die Ruhe;VOCABULAR ALFABETIC Q-R;
liniștit;ruhig;VOCABULAR ALFABETIC Q-R;
rotund / aproximativ;rund;VOCABULAR ALFABETIC Q-R;
tur ghidat;der Rundgang;VOCABULAR ALFABETIC Q-R;
lucru / treabă;die Sache;VOCABULAR ALFABETIC S;
suc;der Saft;VOCABULAR ALFABETIC S;
a spune;sagen;VOCABULAR ALFABETIC S;
salată;der Salat;VOCABULAR ALFABETIC S;
sare;das Salz;VOCABULAR ALFABETIC S;
a colecționa;sammeln;VOCABULAR ALFABETIC S;
propoziție;der Satz;VOCABULAR ALFABETIC S;
curat;sauber;VOCABULAR ALFABETIC S;
acru / supărat;sauer;VOCABULAR ALFABETIC S;
păcat;schade;VOCABULAR ALFABETIC S;
dăunător;schädlich;VOCABULAR ALFABETIC S;
a reuși;schaffen;VOCABULAR ALFABETIC S;
ghișeu;der Schalter;VOCABULAR ALFABETIC S;
picant;scharf;VOCABULAR ALFABETIC S;
a străluci;scheinen;VOCABULAR ALFABETIC S;
a dărui;schenken;VOCABULAR ALFABETIC S;
foarfece;die Schere;VOCABULAR ALFABETIC S;
a trimite;schicken;VOCABULAR ALFABETIC S;
vapor;das Schiff;VOCABULAR ALFABETIC S;
indicator / panou;das Schild;VOCABULAR ALFABETIC S;
a certa;schimpfen;VOCABULAR ALFABETIC S;
umbrelă;der Schirm;VOCABULAR ALFABETIC S;
a dormi;schlafen;VOCABULAR ALFABETIC S;
dormitor;das Schlafzimmer;VOCABULAR ALFABETIC S;
rău;schlecht;VOCABULAR ALFABETIC S;
a închide;schließen;VOCABULAR ALFABETIC S;
grav;schlimm;VOCABULAR ALFABETIC S;
castel;das Schloss;VOCABULAR ALFABETIC S;
sfârșit;der Schluss;VOCABULAR ALFABETIC S;
cheie;der Schlüssel;VOCABULAR ALFABETIC S;
a gusta;schmecken;VOCABULAR ALFABETIC S;
durere;der Schmerz;VOCABULAR ALFABETIC S;
murdar;schmutzig;VOCABULAR ALFABETIC S;
zăpadă;der Schnee;VOCABULAR ALFABETIC S;
a tăia;schneiden;VOCABULAR ALFABETIC S;
a ninge;schneien;VOCABULAR ALFABETIC S;
repede;schnell;VOCABULAR ALFABETIC S;
ciocolată;die Schokolade;VOCABULAR ALFABETIC S;
deja;schon;VOCABULAR ALFABETIC S;
frumos;schön;VOCABULAR ALFABETIC S;
dulap;der Schrank;VOCABULAR ALFABETIC S;
îngrozitor;schrecklich;VOCABULAR ALFABETIC S;
a scrie;schreiben;VOCABULAR ALFABETIC S;
scris;schriftlich;VOCABULAR ALFABETIC S;
pantof;der Schuh;VOCABULAR ALFABETIC S;
școală;die Schule;VOCABULAR ALFABETIC S;
elev;der Schüler;VOCABULAR ALFABETIC S;
slab;schwach;VOCABULAR ALFABETIC S;
gravidă;schwanger;VOCABULAR ALFABETIC S;
porc;das Schwein;VOCABULAR ALFABETIC S;
greu / dificil;schwer;VOCABULAR ALFABETIC S;
dificil;schwierig;VOCABULAR ALFABETIC S;
piscină;das Schwimmbad;VOCABULAR ALFABETIC S;
a înota;schwimmen;VOCABULAR ALFABETIC S;
lac;der See;VOCABULAR ALFABETIC S;
mare (ocean);die See;VOCABULAR ALFABETIC S;
a vedea;sehen;VOCABULAR ALFABETIC S;
obiectiv turistic;die Sehenswürdigkeit;VOCABULAR ALFABETIC S;
foarte;sehr;VOCABULAR ALFABETIC S;
săpun;die Seife;VOCABULAR ALFABETIC S;
a fi;sein;VOCABULAR ALFABETIC S;
de la / de când;seit;VOCABULAR ALFABETIC S;
pagină;die Seite;VOCABULAR ALFABETIC S;
singur / tu însuți;selbst;VOCABULAR ALFABETIC S;
emisiune;die Sendung;VOCABULAR ALFABETIC S;
serviciu;der Service;VOCABULAR ALFABETIC S;
a se așeza;setzen;VOCABULAR ALFABETIC S;
sigur;sicher;VOCABULAR ALFABETIC S;
a cânta;singen;VOCABULAR ALFABETIC S;
situație;die Situation;VOCABULAR ALFABETIC S;
a sta jos;sitzen;VOCABULAR ALFABETIC S;
schi;der Ski;VOCABULAR ALFABETIC S;
astfel / atât de;so;VOCABULAR ALFABETIC S;
canapea;das Sofa;VOCABULAR ALFABETIC S;
imediat;sofort;VOCABULAR ALFABETIC S;
chiar și;sogar;VOCABULAR ALFABETIC S;
trebuie (altcineva a spus);sollen;VOCABULAR ALFABETIC S;
soare;die Sonne;VOCABULAR ALFABETIC S;
însorit;sonnig;VOCABULAR ALFABETIC S;
altfel;sonst;VOCABULAR ALFABETIC S;
captivant;spannend;VOCABULAR ALFABETIC S;
a economisi;sparen;VOCABULAR ALFABETIC S;
distracție;der Spaß;VOCABULAR ALFABETIC S;
târziu;spät;VOCABULAR ALFABETIC S;
mai târziu;später;VOCABULAR ALFABETIC S;
a se plimba;spazieren gehen;VOCABULAR ALFABETIC S;
plimbare;der Spaziergang;VOCABULAR ALFABETIC S;
a salva (fișier);speichern;VOCABULAR ALFABETIC S;
meniu;die Speisekarte;VOCABULAR ALFABETIC S;
joc;das Spiel;VOCABULAR ALFABETIC S;
a juca / a cânta;spielen;VOCABULAR ALFABETIC S;
sport;der Sport;VOCABULAR ALFABETIC S;
sportiv;sportlich;VOCABULAR ALFABETIC S;
teren de sport;der Sportplatz;VOCABULAR ALFABETIC S;
limbă;die Sprache;VOCABULAR ALFABETIC S;
a vorbi;sprechen;VOCABULAR ALFABETIC S;
orar de consultații;die Sprechstunde;VOCABULAR ALFABETIC S;
oraș;die Stadt;VOCABULAR ALFABETIC S;
hartă a orașului;der Stadtplan;VOCABULAR ALFABETIC S;
star;der Star;VOCABULAR ALFABETIC S;
puternic;stark;VOCABULAR ALFABETIC S;
a avea loc;stattfinden;VOCABULAR ALFABETIC S;
a sta;stehen;VOCABULAR ALFABETIC S;
post / loc de muncă;die Stelle;VOCABULAR ALFABETIC S;
a pune;stellen;VOCABULAR ALFABETIC S;
a muri;sterben;VOCABULAR ALFABETIC S;
cizmă;der Stiefel;VOCABULAR ALFABETIC S;
pix / creion;der Stift;VOCABULAR ALFABETIC S;
bursă;das Stipendium;VOCABULAR ALFABETIC S;
etaj;der Stock;VOCABULAR ALFABETIC S;
a deranja;stören;VOCABULAR ALFABETIC S;
plajă;der Strand;VOCABULAR ALFABETIC S;
stradă;die Straße;VOCABULAR ALFABETIC S;
tramvai;die Straßenbahn;VOCABULAR ALFABETIC S;
a se certa;streiten;VOCABULAR ALFABETIC S;
sever;streng;VOCABULAR ALFABETIC S;
stres;der Stress;VOCABULAR ALFABETIC S;
stresant;stressig;VOCABULAR ALFABETIC S;
bucată;das Stück;VOCABULAR ALFABETIC S;
student;der Student;VOCABULAR ALFABETIC S;
a studia;studieren;VOCABULAR ALFABETIC S;
studii;das Studium;VOCABULAR ALFABETIC S;
scaun;der Stuhl;VOCABULAR ALFABETIC S;
a căuta;suchen;VOCABULAR ALFABETIC S;
super;super;VOCABULAR ALFABETIC S;
supermarket;der Supermarkt;VOCABULAR ALFABETIC S;
supă;die Suppe;VOCABULAR ALFABETIC S;
a naviga pe internet;surfen;VOCABULAR ALFABETIC S;
dulce / drăguț;süß;VOCABULAR ALFABETIC S;
dulciuri;die Süßigkeiten;VOCABULAR ALFABETIC S;
simpatic;sympathisch;VOCABULAR ALFABETIC S;
tabletă;das Tablet;VOCABULAR ALFABETIC T;
pastilă;die Tablette;VOCABULAR ALFABETIC T;
tablă / panou;die Tafel;VOCABULAR ALFABETIC T;
a dansa;tanzen;VOCABULAR ALFABETIC T;
geantă;die Tasche;VOCABULAR ALFABETIC T;
bani de buzunar;das Taschengeld;VOCABULAR ALFABETIC T;
ceașcă;die Tasse;VOCABULAR ALFABETIC T;
a schimba;tauschen;VOCABULAR ALFABETIC T;
taxi;das Taxi;VOCABULAR ALFABETIC T;
echipă;das Team;VOCABULAR ALFABETIC T;
ceai;der Tee;VOCABULAR ALFABETIC T;
a împărți;teilen;VOCABULAR ALFABETIC T;
a participa;teilnehmen;VOCABULAR ALFABETIC T;
telefon;das Telefon;VOCABULAR ALFABETIC T;
a telefona;telefonieren;VOCABULAR ALFABETIC T;
farfurie;der Teller;VOCABULAR ALFABETIC T;
tenis;das Tennis;VOCABULAR ALFABETIC T;
programare;der Termin;VOCABULAR ALFABETIC T;
scump;teuer;VOCABULAR ALFABETIC T;
text;der Text;VOCABULAR ALFABETIC T;
teatru;das Theater;VOCABULAR ALFABETIC T;
temă;das Thema;VOCABULAR ALFABETIC T;
bilet;das Ticket;VOCABULAR ALFABETIC T;
adânc;tief;VOCABULAR ALFABETIC T;
animal;das Tier;VOCABULAR ALFABETIC T;
sfat;der Tipp;VOCABULAR ALFABETIC T;
masă;der Tisch;VOCABULAR ALFABETIC T;
titlu;der Titel;VOCABULAR ALFABETIC T;
toaletă;die Toilette;VOCABULAR ALFABETIC T;
grozav;toll;VOCABULAR ALFABETIC T;
roșie;die Tomate;VOCABULAR ALFABETIC T;
oală;der Topf;VOCABULAR ALFABETIC T;
tort;die Torte;VOCABULAR ALFABETIC T;
mort;tot;VOCABULAR ALFABETIC T;
total / complet;total;VOCABULAR ALFABETIC T;
tur;die Tour;VOCABULAR ALFABETIC T;
turist;der Tourist;VOCABULAR ALFABETIC T;
a purta / a căra;tragen;VOCABULAR ALFABETIC T;
a se antrena;trainieren;VOCABULAR ALFABETIC T;
antrenament;das Training;VOCABULAR ALFABETIC T;
vis;der Traum;VOCABULAR ALFABETIC T;
a visa;träumen;VOCABULAR ALFABETIC T;
trist;traurig;VOCABULAR ALFABETIC T;
a se întâlni;treffen;VOCABULAR ALFABETIC T;
scară;die Treppe;VOCABULAR ALFABETIC T;
a bea;trinken;VOCABULAR ALFABETIC T;
uscat;trocken;VOCABULAR ALFABETIC T;
pa;tschüs;VOCABULAR ALFABETIC T;
tricou;das T-Shirt;VOCABULAR ALFABETIC T;
a durea / a face;tun;VOCABULAR ALFABETIC T;
ușă;die Tür;VOCABULAR ALFABETIC T;
tipic;typisch;VOCABULAR ALFABETIC T;
a exersa;üben;VOCABULAR ALFABETIC U-V;
peste / deasupra;über;VOCABULAR ALFABETIC U-V;
peste tot;überall;VOCABULAR ALFABETIC U-V;
poimâine;übermorgen;VOCABULAR ALFABETIC U-V;
a sta peste noapte;übernachten;VOCABULAR ALFABETIC U-V;
a traduce;übersetzen;VOCABULAR ALFABETIC U-V;
traducere;die Übersetzung;VOCABULAR ALFABETIC U-V;
a transfera bani;überweisen;VOCABULAR ALFABETIC U-V;
ceas / ora;die Uhr;VOCABULAR ALFABETIC U-V;
la ora / în jurul;um;VOCABULAR ALFABETIC U-V;
a schimba (trenul);umsteigen;VOCABULAR ALFABETIC U-V;
a se muta;umziehen;VOCABULAR ALFABETIC U-V;
mutare;der Umzug;VOCABULAR ALFABETIC U-V;
neapărat;unbedingt;VOCABULAR ALFABETIC U-V;
și;und;VOCABULAR ALFABETIC U-V;
accident;der Unfall;VOCABULAR ALFABETIC U-V;
universitate;die Universität;VOCABULAR ALFABETIC U-V;
jos / dedesubt;unten;VOCABULAR ALFABETIC U-V;
sub;unter;VOCABULAR ALFABETIC U-V;
a conversa;unterhalten;VOCABULAR ALFABETIC U-V;
cazare;die Unterkunft;VOCABULAR ALFABETIC U-V;
a întreprinde;unternehmen;VOCABULAR ALFABETIC U-V;
curs (lecție);der Unterricht;VOCABULAR ALFABETIC U-V;
diferență;der Unterschied;VOCABULAR ALFABETIC U-V;
a semna;unterschreiben;VOCABULAR ALFABETIC U-V;
semnătură;die Unterschrift;VOCABULAR ALFABETIC U-V;
a examina;untersuchen;VOCABULAR ALFABETIC U-V;
în drum;unterwegs sein;VOCABULAR ALFABETIC U-V;
vacanță;der Urlaub;VOCABULAR ALFABETIC U-V;
a fi de întâlnit;verabredet sein;VOCABULAR ALFABETIC U-V;
eveniment;die Veranstaltung;VOCABULAR ALFABETIC U-V;
a interzice / interzis;verbieten;VOCABULAR ALFABETIC U-V;
a câștiga (bani);verdienen;VOCABULAR ALFABETIC U-V;
asociație / club;der Verein;VOCABULAR ALFABETIC U-V;
a stabili;vereinbaren;VOCABULAR ALFABETIC U-V;
a uita;vergessen;VOCABULAR ALFABETIC U-V;
a compara;vergleichen;VOCABULAR ALFABETIC U-V;
a vinde;verkaufen;VOCABULAR ALFABETIC U-V;
trafic;der Verkehr;VOCABULAR ALFABETIC U-V;
mijloc de transport;das Verkehrsmittel;VOCABULAR ALFABETIC U-V;
a se răni;verletzen;VOCABULAR ALFABETIC U-V;
a se îndrăgosti;verlieben;VOCABULAR ALFABETIC U-V;
a pierde;verlieren;VOCABULAR ALFABETIC U-V;
a închiria (ca proprietar);vermieten;VOCABULAR ALFABETIC U-V;
proprietar;der Vermieter;VOCABULAR ALFABETIC U-V;
a rata;verpassen;VOCABULAR ALFABETIC U-V;
a călători (în vacanță);verreisen;VOCABULAR ALFABETIC U-V;
a amâna;verschieben;VOCABULAR ALFABETIC U-V;
diferit;verschieden;VOCABULAR ALFABETIC U-V;
întârziere;die Verspätung;VOCABULAR ALFABETIC U-V;
a înțelege;verstehen;VOCABULAR ALFABETIC U-V;
a încerca;versuchen;VOCABULAR ALFABETIC U-V;
contract;der Vertrag;VOCABULAR ALFABETIC U-V;
mult / mulți;viel;VOCABULAR ALFABETIC U-V;
poate;vielleicht;VOCABULAR ALFABETIC U-V;
pasăre;der Vogel;VOCABULAR ALFABETIC U-V;
plin;voll;VOCABULAR ALFABETIC U-V;
volei;der Volleyball;VOCABULAR ALFABETIC U-V;
de la / al lui;von;VOCABULAR ALFABETIC U-V;
în fața / acum (timp);vor;VOCABULAR ALFABETIC U-V;
pe lângă / trecut;vorbei;VOCABULAR ALFABETIC U-V;
a pregăti;vorbereiten;VOCABULAR ALFABETIC U-V;
alaltăieri;vorgestern;VOCABULAR ALFABETIC U-V;
înainte;vorher;VOCABULAR ALFABETIC U-V;
în față;vorn;VOCABULAR ALFABETIC U-V;
prenume;der Vorname;VOCABULAR ALFABETIC U-V;
propunere;der Vorschlag;VOCABULAR ALFABETIC U-V;
atent;vorsichtig;VOCABULAR ALFABETIC U-V;
a se prezenta;vorstellen;VOCABULAR ALFABETIC U-V;
înainte;vorwärts;VOCABULAR ALFABETIC U-V;
treaz;wach;VOCABULAR ALFABETIC W-Z;
mașină / vagon;der Wagen;VOCABULAR ALFABETIC W-Z;
a alege / a forma (număr);wählen;VOCABULAR ALFABETIC W-Z;
adevărat;wahr;VOCABULAR ALFABETIC W-Z;
probabil;wahrscheinlich;VOCABULAR ALFABETIC W-Z;
pădure;der Wald;VOCABULAR ALFABETIC W-Z;
a merge pe jos (drumeție);wandern;VOCABULAR ALFABETIC W-Z;
când;wann;VOCABULAR ALFABETIC W-Z;
cald;warm;VOCABULAR ALFABETIC W-Z;
a aștepta;warten;VOCABULAR ALFABETIC W-Z;
de ce;warum;VOCABULAR ALFABETIC W-Z;
ce;was;VOCABULAR ALFABETIC W-Z;
rufe;die Wäsche;VOCABULAR ALFABETIC W-Z;
a spăla;waschen;VOCABULAR ALFABETIC W-Z;
apă;das Wasser;VOCABULAR ALFABETIC W-Z;
pagină web;die Webseite;VOCABULAR ALFABETIC W-Z;
a schimba;wechseln;VOCABULAR ALFABETIC W-Z;
a trezi;wecken;VOCABULAR ALFABETIC W-Z;
plecat / dispărut;weg-;VOCABULAR ALFABETIC W-Z;
drum;der Weg;VOCABULAR ALFABETIC W-Z;
din cauza;wegen;VOCABULAR ALFABETIC W-Z;
a durea;wehtun;VOCABULAR ALFABETIC W-Z;
feminin;weiblich;VOCABULAR ALFABETIC W-Z;
moale;weich;VOCABULAR ALFABETIC W-Z;
pentru că;weil;VOCABULAR ALFABETIC W-Z;
vin;der Wein;VOCABULAR ALFABETIC W-Z;
a plânge;weinen;VOCABULAR ALFABETIC W-Z;
departe;weit;VOCABULAR ALFABETIC W-Z;
mai departe;weiter;VOCABULAR ALFABETIC W-Z;
care;welcher;VOCABULAR ALFABETIC W-Z;
lume;die Welt;VOCABULAR ALFABETIC W-Z;
puțin;wenig;VOCABULAR ALFABETIC W-Z;
cel puțin;wenigstens;VOCABULAR ALFABETIC W-Z;
dacă / când;wenn;VOCABULAR ALFABETIC W-Z;
cine;wer;VOCABULAR ALFABETIC W-Z;
a deveni;werden;VOCABULAR ALFABETIC W-Z;
atelier;die Werkstatt;VOCABULAR ALFABETIC W-Z;
concurs;der Wettbewerb;VOCABULAR ALFABETIC W-Z;
vreme;das Wetter;VOCABULAR ALFABETIC W-Z;
important;wichtig;VOCABULAR ALFABETIC W-Z;
cum / cât de;wie;VOCABULAR ALFABETIC W-Z;
cât de mult / câți;wie viel;VOCABULAR ALFABETIC W-Z;
din nou;wieder;VOCABULAR ALFABETIC W-Z;
a repeta;wiederholen;VOCABULAR ALFABETIC W-Z;
la revedere (telefon);das Wiederhören;VOCABULAR ALFABETIC W-Z;
la revedere;das Wiedersehen;VOCABULAR ALFABETIC W-Z;
bine venit;willkommen;VOCABULAR ALFABETIC W-Z;
vânt;der Wind;VOCABULAR ALFABETIC W-Z;
vântos;windig;VOCABULAR ALFABETIC W-Z;
cu adevărat;wirklich;VOCABULAR ALFABETIC W-Z;
a ști;wissen;VOCABULAR ALFABETIC W-Z;
glumă;der Witz;VOCABULAR ALFABETIC W-Z;
amuzant / spiritual;witzig;VOCABULAR ALFABETIC W-Z;
unde;wo;VOCABULAR ALFABETIC W-Z;
de unde;woher;VOCABULAR ALFABETIC W-Z;
unde (destinație);wohin;VOCABULAR ALFABETIC W-Z;
a locui;wohnen;VOCABULAR ALFABETIC W-Z;
apartament;die Wohnung;VOCABULAR ALFABETIC W-Z;
sufragerie;das Wohnzimmer;VOCABULAR ALFABETIC W-Z;
nor;die Wolke;VOCABULAR ALFABETIC W-Z;
a vrea;wollen;VOCABULAR ALFABETIC W-Z;
workshop;der Workshop;VOCABULAR ALFABETIC W-Z;
cuvânt;das Wort;VOCABULAR ALFABETIC W-Z;
minunat;wunderbar;VOCABULAR ALFABETIC W-Z;
dorință;der Wunsch;VOCABULAR ALFABETIC W-Z;
a-și dori;wünschen;VOCABULAR ALFABETIC W-Z;
cârnat;die Wurst;VOCABULAR ALFABETIC W-Z;
număr;die Zahl;VOCABULAR ALFABETIC W-Z;
a plăti;zahlen;VOCABULAR ALFABETIC W-Z;
dinte;der Zahn;VOCABULAR ALFABETIC W-Z;
a desena;zeichnen;VOCABULAR ALFABETIC W-Z;
a arăta;zeigen;VOCABULAR ALFABETIC W-Z;
timp;die Zeit;VOCABULAR ALFABETIC W-Z;
revistă;die Zeitschrift;VOCABULAR ALFABETIC W-Z;
ziar;die Zeitung;VOCABULAR ALFABETIC W-Z;
cort;das Zelt;VOCABULAR ALFABETIC W-Z;
centru;das Zentrum;VOCABULAR ALFABETIC W-Z;
biletel;der Zettel;VOCABULAR ALFABETIC W-Z;
certificat / carnet;das Zeugnis;VOCABULAR ALFABETIC W-Z;
a se îmbrăca / a se dezbrăca;ziehen;VOCABULAR ALFABETIC W-Z;
obiectiv / scop;das Ziel;VOCABULAR ALFABETIC W-Z;
cameră;das Zimmer;VOCABULAR ALFABETIC W-Z;
circ;der Zirkus;VOCABULAR ALFABETIC W-Z;
lămâie;die Zitrone;VOCABULAR ALFABETIC W-Z;
grădină zoologică;der Zoo;VOCABULAR ALFABETIC W-Z;
la / prea / spre;zu;VOCABULAR ALFABETIC W-Z;
zahăr;der Zucker;VOCABULAR ALFABETIC W-Z;
mai întâi;zuerst;VOCABULAR ALFABETIC W-Z;
mulțumit;zufrieden;VOCABULAR ALFABETIC W-Z;
tren;der Zug;VOCABULAR ALFABETIC W-Z;
a asculta;zuhören;VOCABULAR ALFABETIC W-Z;
ultima dată / la final;zuletzt;VOCABULAR ALFABETIC W-Z;
de exemplu;zum Beispiel;VOCABULAR ALFABETIC W-Z;
a închide;zumachen;VOCABULAR ALFABETIC W-Z;
înapoi / retur;zurück;VOCABULAR ALFABETIC W-Z;
împreună;zusammen;VOCABULAR ALFABETIC W-Z;
între;zwischen;VOCABULAR ALFABETIC W-Z;
